{
    "65": [
        {
            "class_id": 2,
            "x_center": 0.34765625,
            "y_center": 0.8606481481481482,
            "width": 0.2421875,
            "height": 0.2601851851851852
        },
        {
            "class_id": 2,
            "x_center": 0.10104166666666667,
            "y_center": 0.4648148148148148,
            "width": 0.14375,
            "height": 0.6148148148148148
        }
    ]
}