{
    "4": [
        {
            "class_id": 2,
            "x_center": 0.34479166666666666,
            "y_center": 0.8592592592592593,
            "width": 0.2520833333333333,
            "height": 0.25925925925925924,
            "text": "19"
        }
    ]
}